{"cameraMode":{"drawMode":0,"name":"Shaded","section":"Shading Mode"},"sceneLighting":true,"audioPlay":false,"sceneViewState":{"showFog":true,"showMaterialUpdate":false,"showSkybox":true,"showFlares":true,"showImageEffects":true,"showParticleSystems":true,"showVisualEffectGraphs":true,"m_FxEnabled":true},"in2DMode":false,"pivot":{"x":804.5520629882813,"y":45.23797607421875,"z":404.4674072265625},"rotation":{"x":0.18966417014598847,"y":0.002145240316167474,"z":-0.00028091410058550537,"w":0.9819114804267883},"size":375.5550842285156,"orthographic":false}