{"cameraMode":{"drawMode":0,"name":"Shaded","section":"Shading Mode"},"sceneLighting":true,"audioPlay":false,"sceneViewState":{"showFog":true,"showMaterialUpdate":false,"showSkybox":true,"showFlares":true,"showImageEffects":true,"showParticleSystems":true,"showVisualEffectGraphs":true,"m_FxEnabled":true},"in2DMode":false,"pivot":{"x":611.6900024414063,"y":113.07589721679688,"z":295.23797607421877},"rotation":{"x":0.1846572905778885,"y":0.07902984321117401,"z":-0.014767074957489968,"w":0.9795894026756287},"size":446.9890441894531,"orthographic":false}